structure_rank,hugo_name,uniprot_id,uniprot_isoform,structure_id,deposition_date,experimental_method,resolution,r_free,PDBREDOdb,PDBREDOdb_rfree,complex_protein,complex_protein_details,complex_nucleotide,complex_nucleotide_details,complex_ligand,complex_ligand_details,chains,coverage,mutations_in_pdb,b_factor,warnings
0,DLG4,P78352,1,AF-P78352-F1-model_v4,2022-06-01,PREDICTED,NA,NA,NO,NA,NA,NA,NA,NA,NA,NA,A,"{'A': '[(61, 151);(157, 183);(185, 245);(308, 404);(406, 407);(430, 444);(450, 477);(484, 503);(520, 721)]'}",NA,"{'A': [27.65, 25.86, 26.16, 23.64, 27.48, 26.44, 28.11, 27.61, 29.3, 29.81, 28.38, 28.3, 26.72, 28.95, 32.33, 31.99, 37.61, 37.08, 36.25, 45.68, 39.61, 37.26, 35.35, 36.1, 37.66, 36.14, 35.29, 35.24, 35.09, 33.09, 33.79, 31.53, 25.56, 30.57, 26.33, 32.76, 29.2, 25.23, 22.8, 24.89, 21.29, 26.96, 25.24, 25.35, 30.64, 24.69, 29.5, 27.79, 24.43, 28.88, 24.31, 29.87, 24.35, 30.93, 26.5, 29.64, 32.91, 34.2, 51.21, 64.58, 77.66, 84.34, 91.61, 92.01, 94.88, 95.52, 95.88, 94.81, 91.03, 90.53, 81.39, 76.6, 76.14, 88.11, 91.31, 91.58, 94.5, 93.19, 94.44, 90.23, 90.62, 91.49, 91.18, 90.97, 84.83, 84.15, 82.16, 79.63, 79.02, 80.51, 85.44, 88.66, 92.04, 95.49, 94.69, 92.58, 88.48, 87.25, 86.59, 83.91, 81.72, 82.63, 87.17, 90.63, 92.9, 87.8, 88.34, 92.53, 89.12, 92.9, 93.01, 90.6, 87.47, 87.98, 93.31, 95.44, 96.72, 96.72, 97.46, 97.02, 95.42, 93.52, 95.28, 96.36, 96.09, 94.02, 92.12, 93.63, 94.86, 92.54, 94.73, 94.72, 95.3, 94.98, 94.14, 95.91, 95.58, 91.36, 92.46, 91.28, 89.87, 90.47, 92.47, 95.65, 96.71, 97.35, 96.69, 95.91, 93.26, 88.55, 72.85, 64.04, 52.85, 49.51, 54.27, 63.29, 76.06, 87.46, 91.94, 94.35, 94.84, 95.62, 94.46, 92.92, 91.56, 85.77, 82.52, 81.06, 90.09, 93.38, 92.55, 95.28, 93.88, 93.68, 89.58, 90.38, 88.95, 86.02, 77.62, 80.96, 83.46, 82.7, 79.76, 65.61, 77.65, 83.28, 88.7, 92.43, 94.82, 94.65, 93.97, 89.84, 90.69, 88.69, 88.65, 87.66, 88.03, 89.51, 93.43, 95.03, 93.44, 91.83, 93.55, 92.55, 94.81, 94.97, 92.68, 89.61, 89.57, 93.54, 94.55, 95.72, 95.13, 95.96, 96.01, 93.44, 91.72, 93.12, 93.91, 94.06, 89.06, 88.82, 90.24, 91.98, 89.43, 90.54, 92.5, 93.15, 92.49, 92.25, 93.75, 94.09, 90.53, 89.3, 89.25, 89.51, 89.88, 93.34, 94.95, 96.1, 96.68, 95.82, 94.62, 91.66, 85.24, 68.09, 53.79, 37.27, 32.66, 31.26, 32.55, 25.22, 25.56, 28.22, 26.13, 26.06, 28.8, 29.1, 25.32, 26.82, 25.93, 26.05, 26.81, 25.99, 33.05, 31.47, 34.84, 34.14, 31.26, 32.78, 32.82, 32.59, 30.48, 36.86, 34.07, 32.95, 33.93, 35.09, 33.45, 30.94, 36.75, 34.31, 36.07, 32.17, 33.05, 33.55, 28.93, 33.42, 28.5, 27.26, 27.57, 25.59, 29.18, 27.65, 25.0, 32.87, 29.17, 30.34, 35.74, 33.1, 35.99, 39.7, 37.05, 49.91, 49.86, 56.76, 66.43, 73.1, 85.29, 88.74, 92.94, 94.62, 94.5, 93.83, 94.07, 92.82, 91.29, 91.28, 83.58, 79.03, 76.26, 87.78, 89.83, 85.19, 90.44, 88.86, 91.76, 89.38, 89.34, 86.31, 82.18, 79.11, 78.87, 85.43, 90.71, 95.12, 93.91, 92.14, 87.04, 81.38, 78.88, 73.97, 70.48, 74.77, 80.68, 87.6, 89.28, 86.43, 84.59, 87.3, 87.23, 90.45, 92.31, 90.63, 89.25, 90.09, 95.22, 95.97, 96.35, 96.11, 96.24, 96.04, 94.26, 90.73, 93.63, 94.61, 95.05, 92.29, 88.8, 89.9, 91.52, 87.34, 91.43, 92.61, 93.35, 91.21, 92.39, 94.11, 93.33, 90.04, 89.82, 88.27, 89.32, 91.16, 91.51, 94.56, 95.37, 96.31, 96.35, 95.85, 95.38, 94.73, 91.59, 84.94, 86.42, 87.73, 89.71, 81.54, 83.6, 82.37, 80.22, 74.72, 79.25, 73.13, 68.05, 71.45, 72.9, 67.46, 62.17, 64.86, 62.05, 52.46, 55.51, 50.74, 43.12, 41.36, 32.07, 34.02, 33.62, 33.03, 33.26, 31.04, 36.39, 29.32, 32.56, 34.29, 34.87, 52.41, 64.63, 82.27, 92.09, 94.29, 95.46, 95.22, 95.77, 95.03, 93.82, 92.96, 92.47, 89.07, 85.96, 82.24, 79.78, 70.73, 56.8, 54.18, 56.87, 63.97, 69.79, 79.54, 85.36, 88.98, 91.16, 93.21, 93.57, 95.41, 94.4, 93.95, 94.12, 94.63, 93.72, 93.9, 91.38, 89.71, 90.83, 86.94, 87.28, 86.56, 88.38, 89.96, 92.79, 91.18, 92.83, 91.2, 90.67, 87.8, 73.84, 59.24, 53.17, 45.26, 46.72, 53.02, 57.02, 71.39, 84.99, 88.17, 91.15, 92.83, 93.27, 92.54, 92.47, 89.8, 90.5, 90.15, 90.35, 89.21, 86.48, 83.15, 82.31, 80.57, 80.93, 74.76, 73.93, 69.78, 62.67, 58.16, 46.66, 43.64, 38.66, 29.21, 40.75, 30.45, 37.8, 31.87, 29.77, 39.38, 42.85, 53.33, 64.62, 80.65, 86.92, 91.53, 94.01, 92.44, 93.53, 93.92, 92.99, 92.78, 92.25, 93.6, 93.34, 94.28, 95.2, 96.63, 97.57, 98.11, 98.42, 98.02, 98.23, 97.83, 95.85, 94.68, 91.19, 94.73, 92.97, 94.48, 95.96, 96.32, 93.64, 96.47, 96.84, 93.8, 94.32, 95.61, 94.69, 92.77, 94.06, 95.91, 96.91, 92.72, 92.77, 93.16, 90.92, 92.57, 94.0, 94.24, 93.88, 94.45, 91.25, 92.98, 88.09, 87.78, 87.27, 88.96, 88.71, 92.79, 89.87, 86.6, 82.53, 91.99, 93.69, 95.24, 94.7, 89.74, 92.85, 93.77, 94.87, 94.46, 95.48, 95.1, 95.52, 95.43, 91.73, 91.99, 93.42, 90.74, 94.3, 94.16, 92.47, 88.66, 88.5, 83.29, 87.05, 77.68, 86.47, 86.07, 89.62, 90.89, 91.15, 90.01, 92.42, 95.77, 96.09, 96.1, 96.02, 97.15, 96.83, 96.07, 96.35, 96.56, 95.88, 95.22, 94.66, 97.31, 98.19, 97.89, 97.55, 96.13, 91.09, 91.17, 90.69, 92.55, 90.97, 92.89, 94.54, 91.85, 92.61, 95.41, 93.09, 92.08, 93.25, 93.44, 95.15, 95.07, 97.51, 97.97, 97.88, 98.35, 98.28, 97.95, 97.19, 95.89, 93.45, 94.81, 94.01, 93.69, 94.6, 94.98, 92.73, 91.3, 92.11, 90.0, 83.23, 86.11, 87.08, 91.01, 91.21, 91.22, 91.39, 93.66, 95.92, 94.1, 93.33, 96.32, 95.82, 94.72, 96.41, 95.09, 94.44, 94.6, 94.89, 90.41, 92.24, 93.86, 93.81, 91.97, 93.44, 96.03, 95.83, 96.81, 97.33, 97.18, 95.32, 94.63, 93.31, 94.01, 94.98, 95.22, 96.24, 96.96, 97.5, 97.82, 97.44, 98.1, 97.56, 96.51, 96.56, 97.03, 95.03, 92.43, 94.38, 93.06, 87.98, 90.01, 92.3, 93.83, 93.37, 92.55, 90.42, 87.68, 73.48, 62.54, 64.24, 61.81]}",NA
1,DLG4,P78352,1,6QJL,2019-01-24,X-RAY DIFFRACTION,1.043,0.1745,YES,0.2039,NA,NA,NA,NA,Other ligands,"SULFATE ION, chain A,B;GLYCEROL, chain A,B",A;B,"{'A': '[(304, 401)]', 'B': '[(306, 401)]'}","{'A': ['D332G'], 'B': ['D332G']}","{'A': array([34.51, 33.33, 23.16, 12.03, 10.88,  7.85,  7.92,  8.58,  9.33,
       10.78, 11.9 , 12.22, 13.05, 11.89, 10.41, 12.49, 10.96, 10.77,
        9.62,  9.24, 10.23,  8.79,  7.87,  8.08,  9.  ,  9.24,  9.17,
        9.62, 11.52, 14.55, 10.68,  9.05,  7.96,  7.8 ,  8.29, 10.05,
       10.39, 11.21, 11.4 , 14.53, 16.71, 14.66, 15.  , 13.64, 15.88,
       20.89, 20.39, 19.2 , 16.04, 12.07, 12.43, 11.29,  9.83,  8.12,
        7.68,  7.8 ,  8.02,  8.55, 10.54, 14.4 , 16.93, 13.4 ,  9.99,
        9.65, 10.29, 10.26,  9.31,  9.99,  9.4 , 11.32,  9.53,  7.88,
        8.75, 10.41,  9.67,  8.22, 10.09, 10.54, 12.55, 13.03, 13.43,
       13.01, 11.43, 10.67,  9.29,  8.1 ,  8.53,  7.91,  7.98,  8.41,
       10.11, 11.32, 12.61, 13.67, 19.31, 23.82, 22.36, 21.75]), 'B': array([32.11, 19.97, 13.72, 10.24, 10.28,  9.54, 11.42, 12.48, 14.06,
       17.56, 18.77, 17.39, 14.29, 16.66, 14.16, 13.51, 12.02, 11.27,
       10.93,  9.81,  9.66,  8.77,  8.64,  9.33,  8.88,  8.49,  9.62,
       11.35,  9.46,  8.63,  7.46,  7.65,  8.43, 11.75, 11.26, 12.41,
       14.63, 22.76, 25.2 , 22.95, 21.03, 19.34, 23.06, 29.09, 27.96,
       28.7 , 23.68, 16.34, 13.94, 12.35, 10.07,  8.16,  7.32,  7.79,
        8.25, 10.05, 10.52, 14.07, 17.36, 18.12, 14.46,  9.6 ,  9.74,
        9.47, 10.  ,  9.12,  8.7 , 10.52, 10.55,  9.44,  8.95, 11.8 ,
       12.39, 10.4 , 11.31, 14.04, 12.59, 14.41, 15.33, 15.79, 12.26,
       12.71, 10.44,  9.56,  9.03,  8.42,  8.83,  9.01, 11.66, 12.37,
       14.11, 12.21, 17.62, 20.4 , 21.88, 22.78])}",NA
2,DLG4,P78352,1,6QJK,2019-01-24,X-RAY DIFFRACTION,1.046,0.1452,YES,0.1483,NA,NA,NA,NA,Other ligands,"SULFATE ION, chain A;GLYCEROL, chain A",A,"{'A': '[(306, 402)]'}",{'A': ['D332G']},"{'A': array([23.57, 17.76, 11.18,  7.48,  6.92,  7.21,  8.56,  8.61, 10.45,
       13.42, 14.28, 14.59, 12.71, 13.64, 10.51, 11.73,  9.95,  9.73,
       10.01,  8.13,  6.48,  6.28,  6.75,  7.09,  7.55,  7.15,  8.89,
       10.26,  8.08,  7.31,  5.99,  6.41,  6.69,  8.01,  8.46, 11.09,
       13.65, 21.26, 24.47, 22.85, 21.25, 20.59, 26.05, 30.09, 29.72,
       27.45, 22.22, 13.71, 11.14,  9.56,  7.2 ,  6.13,  5.77,  6.19,
        7.11,  8.45, 10.26, 12.96, 15.3 , 13.27, 10.76,  8.28, 10.58,
        7.95,  8.67,  8.75,  7.63, 10.33, 10.03,  8.12,  8.17, 10.15,
        9.68,  8.13,  9.81, 11.46, 13.5 , 15.64, 17.79, 16.13, 11.6 ,
       11.51,  9.48,  7.49,  7.24,  6.42,  6.45,  7.15,  9.1 , 10.76,
       11.2 , 10.65, 15.27, 17.59, 17.22, 17.27, 26.27])}",NA
3,DLG4,P78352,1,8AH5,2022-07-20,X-RAY DIFFRACTION,1.25,0.1846,YES,0.176,NA,NA,NA,NA,Other ligands,"['ACETATE ION, chain A']",A,"{'A': '[(302, 402)]'}",NA,"{'A': array([11.89, 13.47, 14.19, 12.05,  7.99, 11.59, 10.6 , 13.44,  9.59,
        8.74,  8.63,  8.5 ,  8.4 ,  9.23,  7.24,  8.1 , 11.15, 10.69,
       13.15, 12.55, 12.73,  9.01,  7.69,  7.15,  7.09,  6.84,  7.16,
        9.3 ,  8.17,  8.45,  9.16,  8.51,  7.85,  7.84,  6.81,  6.52,
        6.74,  8.56,  8.65,  7.66,  8.7 , 11.44,  9.5 ,  9.05,  7.21,
        6.99,  7.24,  7.35,  7.49,  9.5 , 10.3 ,  8.71,  9.98,  9.41,
        8.3 ,  6.83,  6.13,  6.72,  8.15,  8.07,  9.14, 13.03, 14.82,
       11.01,  9.93,  8.24,  8.51,  7.43,  9.03,  7.85,  8.34,  9.54,
       10.79,  9.05, 10.42, 13.66, 11.99, 12.96, 15.08, 13.91, 14.95,
       13.8 , 10.81, 11.86,  8.67,  9.32,  8.02,  7.62,  8.25,  7.63,
        7.71,  6.93,  8.37,  9.49,  9.22,  8.88, 10.46, 11.53, 16.34,
       25.91, 28.57])}",NA
4,DLG4,P78352,1,8AH7,2022-07-20,X-RAY DIFFRACTION,1.25,0.1976,YES,0.2268,NA,NA,NA,NA,Other ligands,"['SULFATE ION, chain A']",A,"{'A': '[(302, 402)]'}",NA,"{'A': array([43.29, 31.99, 31.62, 25.08, 21.84, 22.51, 24.69, 19.5 , 26.99,
       22.19, 26.1 , 20.61, 21.69, 21.79, 22.03, 20.9 , 19.65, 26.28,
       27.03, 25.09, 23.96, 19.06, 18.8 , 16.42, 14.47, 15.31, 14.92,
       15.67, 17.19, 18.38, 18.92, 16.28, 14.28, 14.61, 13.99, 13.87,
       15.21, 16.59, 18.72, 19.06, 17.97, 22.8 , 24.7 , 20.48, 20.78,
       20.14, 21.83, 29.25, 33.76, 32.06, 27.12, 20.17, 19.6 , 19.79,
       17.79, 14.25, 15.58, 14.17, 15.81, 17.27, 20.2 , 23.06, 26.78,
       27.45, 21.9 , 17.59, 18.18, 21.19, 19.7 , 14.41, 16.05, 19.97,
       17.97, 16.34, 18.72, 22.24, 19.07, 18.17, 22.74, 21.99, 24.03,
       25.12, 26.94, 26.7 , 21.86, 21.79, 18.42, 19.07, 18.06, 16.55,
       17.28, 18.54, 20.27, 27.8 , 23.13, 20.96, 23.69, 25.16, 22.37,
       35.69, 46.92])}",NA
5,DLG4,P78352,1,3I4W,2009-07-03,X-RAY DIFFRACTION,1.35,0.216,YES,0.1617,NA,NA,NA,NA,Other ligands,"['ACETATE ION, chain A,B,C,D']",A;B;C;D,"{'A': '[(305, 331);(333, 402)]', 'B': '[(305, 331);(333, 402)]', 'C': '[(305, 331);(333, 402)]', 'D': '[(305, 331);(333, 402)]'}",NA,"{'A': array([51.63, 43.17, 26.29, 16.17, 12.65, 12.45,  9.63, 10.82, 10.89,
       14.52, 14.04, 10.02, 16.23, 12.79, 13.58, 12.9 , 11.84, 11.79,
       11.45, 12.56,  9.56,  7.04,  8.3 ,  9.63,  9.33,  8.81,  9.23,
       16.84, 10.62,  9.43,  8.01,  7.71,  8.2 ,  9.68,  9.57, 11.03,
       11.94, 17.24, 20.55, 15.19, 15.2 , 16.23, 17.52, 24.62, 26.79,
       24.25, 18.51, 13.62, 12.35,  9.01,  8.93,  7.62,  7.96,  8.59,
        8.55,  9.41, 10.68, 13.95, 20.87, 16.1 , 12.26, 11.55, 12.54,
       13.49, 12.47, 11.24,  8.9 , 15.15, 12.15, 10.51, 12.31, 13.76,
       12.61, 11.77, 13.44, 12.94, 16.82, 17.07, 14.03, 17.22, 13.92,
       11.94,  2.98,  8.36,  7.92,  7.52,  8.87,  9.44,  9.46, 11.16,
       11.57, 12.4 , 16.21, 18.99, 19.21, 22.52, 34.67]), 'B': array([53.77, 46.41, 24.97, 16.5 , 11.7 ,  8.85,  8.47,  9.97, 12.06,
       12.6 , 14.39, 11.41, 13.58, 14.84, 16.64, 14.1 , 14.47, 13.89,
       12.3 , 13.17,  9.44,  9.42,  7.55,  9.79,  9.84,  9.64,  9.24,
       17.55, 12.06, 10.01,  7.42,  6.81,  8.73, 12.21, 11.1 , 11.68,
       13.86, 22.02, 27.61, 19.18, 23.02, 18.35, 21.99, 32.09, 31.21,
       28.82, 23.7 , 12.99, 12.81, 11.8 ,  9.61,  7.33,  7.2 ,  2.  ,
        7.64, 10.42, 12.66, 13.79, 18.35, 16.09, 15.41, 12.96, 13.76,
       12.2 , 13.49, 10.56, 10.54, 15.77, 14.41, 11.81, 12.98, 17.15,
       14.43, 13.24, 16.54, 17.48, 14.92, 16.49, 15.35, 18.06, 13.43,
       13.22,  3.23,  8.84,  9.98,  8.09,  8.95,  8.88, 10.05, 13.92,
       12.78, 12.15, 17.74, 20.32, 21.52, 22.86, 43.05]), 'C': array([51.19, 44.02, 25.87, 16.34, 13.81, 12.83, 10.02, 10.7 , 11.35,
       14.4 , 14.74,  8.84, 15.06, 12.05, 13.15, 12.66, 11.15, 12.41,
       11.28, 12.45,  9.59,  7.43,  8.6 ,  8.49,  9.98,  8.92,  9.13,
       17.72, 11.6 , 10.36,  8.54,  6.77,  7.89, 10.09,  9.79, 11.29,
       12.01, 17.23, 21.75, 16.15, 15.87, 15.92, 17.19, 26.18, 25.96,
       25.01, 18.09, 13.06, 12.72,  9.49,  9.96,  8.25,  8.46,  8.16,
        9.27,  9.46,  4.37, 15.06, 21.48, 17.1 , 12.72, 12.4 , 12.28,
       13.25, 11.04, 11.41,  9.57, 14.62, 12.8 ,  9.91, 10.92, 13.71,
       11.32, 10.96, 13.69, 12.68, 16.4 , 14.78, 15.12, 16.46, 14.25,
       12.78,  2.99,  8.61,  8.34,  8.17,  8.65,  9.39, 11.  , 10.07,
       11.9 , 12.46, 16.16, 19.88, 18.47, 24.29, 37.  ]), 'D': array([52.44, 46.4 , 24.79, 15.28, 10.92,  8.31,  8.56, 10.17, 11.01,
       11.65, 15.3 , 12.21, 13.18, 14.05, 16.3 , 14.33, 14.8 , 13.16,
       12.42, 13.47,  9.44,  9.64,  8.72,  9.43, 10.6 ,  9.6 ,  9.92,
       18.12, 11.63, 10.73,  7.91,  7.95,  8.78, 10.98, 10.28, 11.48,
       14.72, 22.32, 27.95, 22.02, 22.93, 18.77, 23.3 , 30.9 , 31.71,
       29.24, 23.54, 13.42, 13.25, 10.55, 10.17,  7.54,  6.67,  2.  ,
        7.99, 10.4 , 10.94, 15.12, 18.77, 15.4 , 15.49, 12.1 , 14.93,
       12.33, 12.25, 11.94,  9.85, 14.98, 14.36, 11.77, 13.38, 16.43,
       15.74, 13.45, 17.  , 18.5 , 15.13, 15.62, 14.53, 17.14, 13.59,
       12.93,  2.69,  8.64,  8.51,  7.99,  9.56,  8.18, 10.5 , 13.15,
       12.67, 12.75, 17.25, 22.34, 20.97, 25.2 , 45.6 ])}",NA
6,DLG4,P78352,1,3K82,2009-10-13,X-RAY DIFFRACTION,1.4,0.21,YES,0.1801,NA,NA,NA,NA,Other ligands,"PHOSPHATE ION, chain A;GLYCEROL, chain A;4-(2-HYDROXYETHYL)-1-PIPERAZINE ETHANESULFONIC ACID, chain A",A,"{'A': '[(305, 331);(333, 402)]'}",NA,"{'A': array([43.07, 34.58, 22.53, 11.82,  8.17,  8.6 ,  8.96,  8.73,  9.44,
       13.03, 14.5 , 17.9 , 17.5 , 14.14, 14.98, 11.83, 12.41, 10.9 ,
       10.54, 10.82,  8.81,  7.43,  6.29,  7.46,  8.44,  7.75,  7.82,
       13.09,  9.84,  9.59,  6.63,  6.41,  8.36,  9.21,  9.36, 11.86,
       14.98, 21.07, 26.71, 21.99, 21.4 , 16.65, 24.36, 28.81, 30.59,
       29.58, 23.81, 13.33, 11.57,  9.97,  7.48,  5.77,  6.82,  6.57,
        7.35,  8.94, 11.23, 18.86, 21.61, 13.96, 11.25, 10.47, 12.02,
       12.46,  9.64,  8.85,  7.1 , 11.89, 10.33,  7.99,  8.29, 10.4 ,
        9.34,  9.19,  8.55, 11.91, 13.  , 16.45, 14.9 , 17.64, 13.63,
       12.66, 11.1 ,  7.26,  7.69,  6.86,  7.01,  7.43,  8.9 ,  9.89,
       11.37,  9.63, 15.28, 19.44, 17.57, 20.64, 32.36])}",NA
7,DLG4,P78352,1,8AH4,2022-07-20,X-RAY DIFFRACTION,1.48,0.2308,YES,0.2252,NA,NA,NA,NA,Other ligands,"['ACETATE ION, chain A,B,C,D,F']",A;B;C;D;E;F,"{'A': '[(308, 401)]', 'B': '[(307, 401)]', 'C': '[(308, 401)]', 'D': '[(309, 400)]', 'E': '[(309, 402)]', 'F': '[(308, 403)]'}",NA,"{'A': array([30.76, 28.65, 25.51, 16.74, 17.89, 12.83, 14.  , 15.01, 20.28,
       26.44, 24.81, 36.26, 41.62, 50.73, 30.26, 20.85, 16.54, 16.36,
       17.83, 14.92, 15.32, 16.8 , 18.14, 29.97, 18.74, 16.69, 14.53,
       14.43, 13.37, 13.6 , 14.15, 17.76, 19.58, 18.81, 20.86, 24.02,
       20.93, 19.58, 17.14, 15.48, 15.22, 14.2 , 14.8 , 14.26, 19.39,
       15.24, 17.84, 16.18, 16.49, 13.19, 12.81, 13.19, 13.53, 12.86,
       14.81, 16.24, 17.87, 19.42, 20.34, 18.12, 23.16, 24.34, 21.25,
       17.41, 16.8 , 19.86, 18.21, 14.76, 16.56, 19.06, 17.59, 19.04,
       25.31, 24.45, 20.98, 25.12, 24.7 , 32.13, 20.06, 16.54, 12.92,
       11.31, 12.38, 14.64, 15.29, 18.2 , 21.04, 30.86, 31.78, 22.46,
       25.76, 29.42, 25.07, 30.64]), 'B': array([44.53, 60.4 , 35.96, 26.69, 21.09, 23.34, 12.58, 11.74, 10.11,
       12.55, 16.34, 19.98, 20.59, 26.37, 26.97, 15.63, 12.34, 12.62,
       13.18, 15.88, 16.19, 18.66, 22.8 , 24.25, 33.2 , 23.61, 23.31,
       19.02, 19.04, 14.57, 12.72, 11.86, 13.95, 14.13, 12.46, 14.83,
       16.55, 16.77, 14.46, 11.95, 11.98, 10.67, 10.21, 11.28, 12.13,
       14.82, 12.55, 16.35, 13.72, 13.51, 12.52, 13.94, 15.  , 15.36,
       13.16, 15.35, 15.22, 21.97, 23.01, 23.87, 23.48, 40.64, 40.07,
       32.26, 24.43, 22.42, 27.68, 22.93, 17.15, 17.48, 20.92, 20.64,
       16.44, 21.32, 24.7 , 19.27, 19.23, 17.7 , 14.15, 11.94, 10.95,
       10.5 , 11.05, 12.6 , 15.64, 14.39, 17.21, 19.33, 20.88, 20.88,
       18.05, 21.99, 24.31, 27.21, 27.89]), 'C': array([29.2 , 25.8 , 24.92, 16.37, 17.21, 13.12, 13.48, 15.02, 16.9 ,
       26.  , 27.4 , 34.69, 36.97, 31.48, 21.76, 17.56, 15.91, 15.53,
       15.78, 15.96, 16.35, 18.36, 19.36, 23.91, 23.17, 17.52, 16.89,
       14.55, 13.46, 14.29, 13.12, 18.13, 17.8 , 18.6 , 18.07, 21.42,
       21.46, 19.05, 16.03, 13.84, 15.54, 15.55, 14.3 , 15.62, 18.44,
       14.46, 16.76, 20.1 , 15.76, 13.75, 13.89, 15.19, 14.35, 14.14,
       18.  , 19.79, 21.66, 22.44, 26.55, 22.25, 25.23, 33.82, 27.21,
       24.77, 24.94, 28.84, 29.83, 25.03, 25.79, 27.87, 25.23, 24.02,
       28.82, 29.94, 26.37, 25.69, 23.19, 28.02, 17.11, 15.1 , 13.3 ,
       13.78, 13.45, 14.26, 14.31, 15.93, 18.74, 24.7 , 22.49, 20.87,
       24.92, 26.63, 28.72, 37.46]), 'D': array([51.5 , 46.59, 23.44, 22.35, 14.44, 12.44, 11.33, 13.88, 14.2 ,
       15.06, 25.15, 39.82, 56.77, 26.58, 13.66, 14.66, 12.5 , 14.95,
       15.5 , 19.38, 20.31, 19.72, 22.63, 17.95, 20.46, 18.11, 15.85,
       14.26, 13.99, 12.86, 16.35, 18.17, 16.41, 20.41, 18.5 , 19.24,
       16.52, 14.11, 11.27, 13.33, 14.53, 14.43, 13.92, 17.28, 15.24,
       18.82, 15.89, 16.06, 15.53, 14.72, 13.58, 12.91, 12.4 , 11.45,
       13.06, 17.41, 18.72, 22.61, 18.39, 25.73, 29.91, 22.19, 19.76,
       20.25, 24.85, 18.5 , 14.3 , 14.78, 17.74, 16.29, 13.08, 14.72,
       16.09, 13.85, 17.62, 16.  , 13.39, 10.51, 11.78, 10.38, 11.75,
       12.71, 18.21, 20.49, 27.24, 30.94, 36.7 , 34.55, 29.12, 39.27,
       42.13, 33.29]), 'E': array([46.34, 32.73, 17.26, 16.29, 11.19, 10.69,  9.96, 12.83, 14.69,
       17.28, 41.75, 43.85, 63.47, 30.81, 15.53, 12.96, 12.92, 13.81,
       12.08, 12.89, 16.3 , 17.33, 29.72, 16.79, 14.49, 15.39, 14.71,
       12.43, 12.22, 12.55, 15.65, 17.34, 15.63, 19.  , 18.95, 20.96,
       15.22, 13.08, 12.26, 13.51, 15.01, 15.23, 14.49, 18.54, 16.64,
       15.95, 15.43, 14.49, 13.34, 13.46, 12.96, 12.29,  9.98, 10.86,
       11.82, 14.97, 15.64, 17.59, 16.92, 20.36, 20.1 , 19.47, 16.75,
       17.77, 18.1 , 19.74, 14.6 , 16.25, 17.31, 16.34, 13.63, 16.88,
       17.3 , 15.39, 16.27, 15.38, 13.7 , 12.05, 10.91,  9.42,  9.02,
       11.13, 15.25, 18.23, 20.71, 25.22, 27.32, 25.22, 19.12, 20.81,
       24.76, 23.91, 28.39, 38.91]), 'F': array([63.75, 45.68, 32.12, 18.35, 18.5 , 12.99, 12.03, 10.75, 12.87,
       15.57, 16.41, 22.09, 33.47, 35.78, 24.34, 15.92, 13.7 , 14.68,
       17.31, 13.3 , 17.5 , 17.6 , 17.2 , 21.79, 21.05, 18.72, 18.91,
       15.  , 13.62, 11.83, 12.49, 16.23, 19.05, 16.78, 18.67, 21.33,
       16.63, 13.94, 14.43, 15.3 , 13.69, 13.25, 13.24, 12.7 , 19.89,
       13.85, 16.18, 13.65, 11.25, 12.41, 11.98, 12.  , 12.15, 11.46,
       13.36, 14.24, 16.25, 17.52, 21.68, 15.84, 20.81, 23.88, 20.54,
       23.24, 22.7 , 25.82, 20.35, 15.08, 16.13, 19.37, 17.88, 14.85,
       20.77, 26.42, 19.11, 22.27, 22.14, 17.53, 13.47, 13.11, 11.37,
       10.64, 10.5 , 13.74, 15.44, 17.34, 18.04, 28.43, 26.01, 18.95,
       23.11, 28.12, 31.98, 40.13, 41.18, 46.79])}",NA
8,DLG4,P78352,1,8AH8,2022-07-20,X-RAY DIFFRACTION,1.5,0.21,YES,0.2304,NA,NA,NA,NA,NA,NA,A,"{'A': '[(305, 331);(333, 401)]'}",NA,"{'A': array([35.53, 31.52, 26.47, 23.19, 20.33, 14.92, 16.2 , 17.94, 14.44,
       13.56, 16.72, 22.38, 22.99, 20.  , 28.5 , 30.  , 30.  , 26.7 ,
       14.88, 16.12, 12.79, 10.85, 12.45, 12.43, 14.7 , 18.97, 22.98,
       20.93, 21.07, 20.05, 14.33, 12.22, 14.21, 13.62, 14.32, 14.25,
       15.69, 19.99, 19.66, 18.32, 15.41, 12.6 , 15.57, 17.19, 16.69,
       17.08, 21.9 , 17.98, 19.12, 15.93, 13.91, 13.68, 13.64, 12.1 ,
       13.62, 15.1 , 17.92, 18.58, 21.08, 22.95, 21.01, 19.6 , 26.51,
       27.03, 21.17, 17.64, 16.79, 19.56, 20.93, 13.94, 15.98, 20.37,
       15.41, 16.85, 23.16, 24.96, 23.19, 23.48, 24.99, 22.13, 19.83,
       16.08, 14.26, 12.1 , 13.57, 15.6 , 14.43, 17.99, 22.96, 25.79,
       21.65, 20.77, 22.1 , 25.34, 29.92, 35.69])}",NA
9,DLG4,P78352,1,6QJF,2019-01-24,X-RAY DIFFRACTION,1.5,0.1989,YES,0.2018,NA,NA,NA,NA,NA,NA,A;B;C;D,"{'A': '[(307, 402)]', 'B': '[(302, 403)]', 'C': '[(306, 403)]', 'D': '[(308, 403)]'}","{'A': ['D332P'], 'B': ['D332P'], 'C': ['D332P'], 'D': ['D332P']}","{'A': array([43.44, 32.6 , 28.91, 25.43, 18.69, 14.18, 12.65, 12.03, 16.06,
       15.81, 19.03, 20.31, 23.76, 35.37, 34.34, 24.44, 17.2 , 13.63,
       13.12, 12.03, 13.94, 13.26, 16.12, 20.96, 27.98, 29.23, 30.85,
       24.35, 16.73, 13.04, 11.74, 11.4 , 11.93, 10.41, 11.63, 13.4 ,
       15.46, 18.14, 17.12, 16.09, 16.95, 15.11, 23.49, 25.26, 21.18,
       15.38, 16.12, 16.85, 14.09, 14.25, 11.93, 10.94, 14.43, 13.49,
       15.39, 13.5 , 14.82, 22.58, 19.35, 19.28, 15.91, 19.74, 27.28,
       23.83, 21.9 , 22.03, 28.64, 27.98, 17.96, 24.73, 30.19, 26.5 ,
       22.02, 32.94, 32.39, 24.52, 25.57, 27.7 , 20.43, 16.31, 12.45,
       12.68, 10.87, 12.22, 13.96, 14.4 , 15.32, 19.38, 24.79, 22.62,
       14.65, 19.87, 21.76, 15.03, 20.03, 24.95]), 'B': array([40.31, 33.89, 34.19, 43.77, 50.75, 40.11, 30.98, 23.37, 18.3 ,
       11.94, 17.58, 16.89, 16.81, 19.04, 19.08, 20.97, 22.15, 34.56,
       50.46, 47.64, 33.56, 21.39, 19.75, 15.04, 15.11, 12.03, 14.09,
       17.05, 16.8 , 15.77, 17.42, 17.46, 13.03, 12.48, 11.69, 11.08,
       11.69, 13.28, 13.01, 12.27, 14.35, 14.22, 17.83, 19.65, 24.46,
       20.82, 20.49, 29.14, 27.39, 29.66, 21.31, 16.42, 16.58, 13.74,
       12.15,  9.42, 11.03, 10.79, 11.88, 12.67, 14.54, 18.24, 20.04,
       18.73, 15.82, 13.62, 14.08, 14.38, 13.88, 12.63, 14.25, 17.96,
       15.36, 13.43, 15.58, 19.55, 18.26, 16.64, 21.29, 22.49, 21.38,
       25.73, 25.4 , 21.14, 18.55, 15.36, 14.28, 12.17, 13.53, 12.86,
       14.19, 12.91, 19.41, 21.73, 18.41, 14.33, 23.4 , 25.87, 14.88,
       16.18, 16.41, 26.68]), 'C': array([47.04, 34.63, 30.7 , 24.49, 22.61, 20.87, 20.71, 13.71, 14.66,
       14.61, 15.77, 12.33, 16.83, 17.81, 23.03, 40.03, 30.59, 20.19,
       17.07, 13.54, 12.64, 12.55, 12.35, 16.44, 20.68, 26.8 , 28.47,
       28.18, 25.14, 20.06, 13.22, 14.02, 12.97, 11.95, 12.69, 16.27,
       14.81, 21.09, 20.27, 17.88, 20.78, 17.2 , 22.72, 24.57, 28.02,
       29.17, 26.53, 15.44, 14.39, 13.65, 14.56, 12.71, 11.76, 14.33,
       15.87, 16.97, 18.56, 21.48, 26.85, 23.96, 23.24, 20.13, 20.47,
       23.03, 16.5 , 21.  , 19.87, 20.59, 19.09, 16.91, 23.32, 25.32,
       22.75, 22.15, 32.02, 31.84, 29.36, 24.86, 16.68, 16.06, 15.14,
       15.25, 12.53, 14.12, 15.15, 14.77, 15.73, 16.33, 14.26, 13.01,
       14.05, 12.11, 15.85, 17.29, 15.29, 14.24, 17.19, 22.67]), 'D': array([55.87, 47.48, 34.64, 34.  , 26.07, 22.6 , 19.24, 20.95, 21.19,
       18.1 , 15.09, 16.57, 15.89, 18.64, 17.69, 14.56, 13.52, 12.05,
       12.81, 12.24, 14.32, 18.17, 18.87, 23.92, 24.98, 21.19, 19.83,
       18.49, 13.15, 10.8 , 13.19, 11.65, 12.32, 11.23, 11.24, 12.75,
       12.71, 13.66, 14.3 , 15.46, 14.17, 16.49, 19.53, 19.82, 17.62,
       16.3 , 15.55, 13.62, 13.38, 13.6 , 14.86, 15.97, 20.32, 20.69,
       19.35, 17.04, 22.46, 17.71, 18.45, 18.92, 23.59, 25.3 , 21.09,
       18.28, 18.56, 22.12, 19.29, 15.34, 14.92, 14.35, 14.16, 12.37,
       13.14, 13.66, 16.45, 19.43, 17.35, 16.23, 17.88, 18.38, 14.93,
       17.66, 15.61, 19.69, 16.3 , 16.16, 19.29, 20.57, 20.64, 16.65,
       19.17, 20.48, 13.53, 15.18, 19.04, 31.12])}",NA
10,DLG4,P78352,1,6QJI,2019-01-24,X-RAY DIFFRACTION,1.5,0.2614,YES,0.2434,NA,NA,NA,NA,Other ligands,"['SULFATE ION, chain A,B,C,D,E,F']",A;B;C;D;E;F,"{'A': '[(311, 400)]', 'B': '[(310, 402)]', 'C': '[(309, 400)]', 'D': '[(310, 400)]', 'E': '[(309, 403)]', 'F': '[(310, 403)]'}",NA,"{'A': array([19.99, 16.71, 12.73,  8.98,  8.97,  8.53, 11.06, 12.34, 24.45,
       34.88, 32.41, 17.74, 10.68, 12.75, 14.49, 15.4 , 19.19, 19.52,
       19.78, 22.97, 19.21, 20.04, 28.87, 24.72, 21.44, 20.26, 17.38,
       15.94, 20.72, 18.15, 15.46, 17.96, 17.36, 17.81, 15.1 , 12.22,
        9.75, 13.44, 12.28, 11.69,  9.59, 15.25, 13.4 , 16.13, 18.23,
       20.01, 18.09, 18.17, 16.02, 15.45, 14.07, 11.62, 15.28, 17.93,
       20.58, 22.67, 20.28, 24.92, 26.5 , 23.62, 22.27, 20.01, 19.91,
       19.71, 18.24, 17.29, 16.18, 17.43, 12.25, 14.13, 17.08, 12.92,
       14.66, 14.72, 10.44, 10.02,  9.4 ,  7.86,  9.32, 17.15, 19.7 ,
       25.44, 30.17, 31.74, 37.02, 25.96, 25.87, 26.94, 33.19, 31.02]), 'B': array([29.84, 19.42, 17.54, 14.89, 12.63, 12.76, 10.89, 12.74, 16.44,
       24.25, 35.96, 37.4 , 20.8 , 16.24, 17.74, 16.4 , 14.44, 14.27,
       17.08, 17.57, 17.44, 19.44, 14.53, 17.57, 19.  , 18.77, 15.26,
       16.27, 16.88, 21.02, 18.93, 18.73, 22.08, 23.32, 21.28, 18.26,
       16.31, 13.56, 12.94, 15.12, 14.36, 13.76, 17.91, 15.55, 19.34,
       19.37, 17.07, 14.74, 18.98, 16.77, 17.02, 13.57, 13.45, 14.96,
       18.32, 20.41, 19.11, 20.  , 25.51, 23.19, 20.62, 18.92, 18.71,
       18.82, 18.75, 13.64, 14.27, 16.41, 15.52, 15.39, 17.65, 20.1 ,
       17.42, 15.04, 15.08, 15.39, 11.03, 13.46, 11.85, 12.76, 13.23,
       17.73, 20.31, 20.15, 20.18, 24.54, 22.08, 18.99, 17.05, 17.22,
       15.64, 21.64, 25.61]), 'C': array([26.62, 23.6 , 18.1 , 15.15, 10.96, 10.33, 11.72, 13.69, 17.56,
       21.22, 31.88, 41.46, 36.87, 28.55, 19.77, 19.87, 16.18, 17.9 ,
       15.39, 18.7 , 18.67, 17.58, 18.85, 16.72, 18.63, 18.14, 18.16,
       15.15, 15.21, 13.89, 19.24, 20.23, 21.9 , 25.35, 24.88, 21.81,
       18.45, 16.93, 12.98, 14.95, 15.87, 11.  , 10.54, 14.71, 14.01,
       16.6 , 19.92, 17.62, 14.01, 12.96, 11.49, 14.22, 12.52, 13.43,
       15.41, 17.25, 16.37, 19.49, 15.26, 25.58, 24.63, 16.62, 17.1 ,
       16.22, 15.84, 16.65, 15.62, 14.49, 16.3 , 17.42, 16.57, 22.61,
       20.62, 21.02, 20.94, 27.6 , 19.17, 13.65, 10.36, 10.59,  9.15,
       11.8 , 15.98, 15.91, 20.95, 25.51, 32.29, 26.91, 25.16, 25.2 ,
       21.77, 20.07]), 'D': array([31.08, 23.1 , 17.9 , 16.59, 12.09, 15.15, 13.78, 16.93, 21.56,
       23.18, 30.89, 27.01, 19.76, 17.59, 17.53, 14.57, 16.16, 18.99,
       19.33, 22.64, 22.72, 23.56, 21.21, 20.73, 16.31, 20.01, 15.57,
       16.23, 13.58, 17.6 , 17.42, 19.78, 21.55, 24.46, 22.17, 17.1 ,
       16.32, 17.98, 16.72, 18.19, 14.02, 11.25, 16.39, 15.78, 20.04,
       20.09, 17.27, 18.55, 16.56, 19.88, 20.66, 17.72, 20.39, 20.87,
       28.65, 32.78, 29.78, 26.2 , 36.44, 36.22, 28.92, 21.89, 21.58,
       20.94, 25.08, 21.96, 19.57, 23.72, 23.99, 23.72, 28.57, 29.6 ,
       24.07, 23.19, 21.96, 19.73, 17.9 , 16.45, 15.61, 16.07, 17.41,
       17.92, 15.89, 21.88, 25.11, 30.58, 25.42, 24.3 , 30.84, 24.33,
       19.29]), 'E': array([24.83, 24.66, 18.45, 17.63, 13.22, 14.14, 16.33, 20.65, 23.09,
       27.7 , 29.7 , 33.69, 30.5 , 24.52, 20.62, 22.39, 21.43, 16.93,
       13.52, 11.59, 17.86, 16.84, 21.88, 17.78, 16.54, 12.93, 15.36,
       14.55, 17.43, 16.75, 20.23, 20.69, 22.52, 23.78, 24.99, 26.93,
       21.73, 20.09, 20.  , 18.13, 19.73, 18.07, 17.71, 18.71, 17.96,
       22.1 , 19.22, 15.46, 17.01, 15.88, 15.27, 16.31, 13.92, 18.95,
       17.69, 23.44, 24.14, 25.07, 21.56, 25.29, 27.7 , 25.61, 21.45,
       17.18, 22.55, 21.93, 19.62, 19.86, 23.64, 23.6 , 22.51, 25.51,
       26.34, 25.91, 29.12, 30.28, 29.33, 17.41, 17.19, 14.2 , 13.45,
       14.12, 14.67, 18.05, 14.81, 16.96, 21.38, 18.27, 16.34, 24.02,
       21.82, 21.95, 35.1 , 37.  , 38.75]), 'F': array([31.07, 17.69, 12.45,  7.48,  8.82,  9.75, 11.93, 12.69, 14.22,
       20.35, 28.19, 29.21, 19.88, 11.43, 13.45, 12.31, 19.36, 13.71,
       15.78, 19.2 , 17.47, 16.7 , 17.54, 18.91, 16.99, 14.13, 10.38,
       11.65, 11.3 , 18.4 , 20.52, 15.81, 17.79, 18.56, 16.66, 13.52,
       11.83, 11.25,  9.33, 12.67, 11.28, 11.13, 14.14, 12.7 , 16.36,
       16.65, 14.06, 10.76, 12.05, 10.23,  7.79,  8.87,  7.44, 11.79,
       13.94, 15.54, 15.04, 13.64, 16.62, 20.4 , 16.99, 19.84, 16.34,
       20.2 , 18.67, 13.68, 13.13, 18.47, 13.18, 12.99, 17.62, 21.7 ,
       13.58, 15.77, 14.05, 11.39, 10.43,  7.94,  6.88,  6.56,  7.51,
       12.54, 14.53, 15.4 , 17.51, 22.13, 21.32, 16.73, 19.05, 25.72,
       22.15, 27.89, 23.77, 32.44])}",NA
11,DLG4,P78352,1,6QJD,2019-01-24,X-RAY DIFFRACTION,1.551,0.259,YES,0.2926,NA,NA,NA,NA,Other ligands,"['SULFATE ION, chain A,B,C']",A;B;C;D,"{'A': '[(308, 329);(333, 393)]', 'B': '[(308, 329);(333, 393)]', 'C': '[(307, 330);(333, 393)]', 'D': '[(308, 329);(333, 393)]'}",NA,"{'A': array([20.66, 13.75, 15.44,  9.66,  8.17, 11.87,  9.79,  9.2 ,  9.39,
       12.93, 20.52, 29.84, 29.95, 29.97, 29.96, 20.88, 15.27, 11.09,
       10.06,  7.08,  9.42, 17.49, 16.13, 28.54, 10.33,  6.62,  6.22,
        6.05,  8.12,  9.06,  8.26,  9.39,  8.06, 11.23, 10.99,  8.12,
        9.74,  8.76,  8.29,  7.46,  6.56,  6.84,  5.65,  5.24,  8.98,
        6.38,  6.81,  7.32,  5.96,  6.8 , 10.83,  9.93, 16.67, 17.29,
       13.91, 11.78,  8.89,  7.15,  8.61,  8.56, 11.07, 11.63, 10.12,
       10.03,  9.5 , 10.06, 11.5 , 15.37, 16.61, 25.8 , 29.14, 26.36,
       20.71, 19.59, 15.82, 15.12, 14.32, 11.45,  8.69,  9.69,  8.48,
        8.49, 20.64]), 'B': array([20.12, 18.99, 26.79, 16.53, 15.68, 21.51, 17.79, 16.69, 15.38,
       23.43, 27.76, 35.66, 45.2 , 40.68, 35.47, 24.09, 17.14, 11.72,
        9.5 ,  6.48,  8.17, 15.05, 19.98, 22.39,  8.62,  6.59,  5.69,
        7.58,  8.22,  8.13,  8.65, 10.62,  9.97,  9.98,  9.63, 14.17,
       11.05,  9.79,  8.87,  9.64,  8.06,  5.44,  6.08,  4.65, 10.84,
        8.51,  6.53,  6.58,  5.71,  8.43, 12.56, 14.8 , 22.96, 23.92,
       16.18, 11.63,  5.96,  5.62,  6.72,  6.49,  9.07,  8.38,  7.97,
        7.98,  8.69,  9.89, 11.93, 12.43, 14.7 , 22.4 , 25.03, 23.33,
       27.91, 33.45, 28.09, 24.5 , 19.54, 14.45, 12.18, 10.11,  8.64,
        7.37, 20.51]), 'C': array([28.98, 28.06, 19.47, 15.43, 10.33,  9.07, 10.56,  6.76,  9.11,
        8.56,  9.73, 16.89, 25.  , 27.69, 27.66, 25.34, 16.23, 13.94,
       10.61,  9.08,  8.79, 12.15, 17.14, 19.57, 24.86, 25.89, 11.05,
        5.39,  7.35,  6.29,  6.47,  8.66,  8.46,  8.52,  8.48, 11.17,
       10.02,  9.62,  8.37,  8.81,  9.5 ,  8.29,  7.08,  6.1 ,  7.08,
        5.97,  7.62,  8.37,  6.09,  8.42,  6.76,  5.72,  9.4 , 10.66,
       17.12, 19.51, 16.19, 10.53,  8.79,  7.02,  7.72,  7.28,  9.62,
        8.52,  9.6 ,  9.56,  8.79,  8.09, 11.4 , 13.58, 15.13, 25.14,
       28.46, 23.65, 23.29, 26.18, 20.08, 15.18, 13.17, 13.42,  7.52,
        7.89,  8.22,  9.06, 23.22]), 'D': array([23.77, 18.83, 19.95, 18.4 , 15.21, 20.46, 14.79, 20.33, 20.06,
       24.6 , 26.92, 29.4 , 27.77, 27.59, 22.78, 19.18, 16.87,  9.88,
        8.07,  7.77, 10.05, 15.09, 18.77, 20.5 ,  9.19,  5.7 ,  7.41,
        6.48,  9.8 ,  8.11,  6.99,  9.36,  7.52, 11.53, 10.07, 13.53,
       10.66,  7.07,  8.53,  9.14,  8.05,  5.91,  5.56,  5.73, 10.95,
        7.44,  6.85,  5.73,  6.32,  7.98, 11.6 , 14.51, 20.6 , 20.47,
       18.32, 13.63,  7.35,  6.71,  8.22,  9.31, 11.47, 11.66, 10.74,
        9.1 ,  8.9 , 10.04, 13.05, 14.93, 15.36, 23.73, 24.62, 25.28,
       29.64, 30.2 , 27.67, 22.23, 17.35, 11.65, 14.15, 10.64,  9.68,
        6.92, 17.92])}",NA
12,DLG4,P78352,1,8AH6,2022-07-20,X-RAY DIFFRACTION,1.63,0.1803,YES,0.1869,NA,NA,NA,NA,Other ligands,"['ACETATE ION, chain A,B']",A;B,"{'A': '[(302, 401)]', 'B': '[(302, 402)]'}",NA,"{'A': array([22.46, 23.83, 25.78, 20.86, 19.  , 18.55, 18.49, 20.43, 19.62,
       16.63, 15.45, 16.65, 16.65, 18.72, 18.5 , 16.43, 18.39, 21.72,
       24.94, 26.39, 20.2 , 14.92, 18.51, 14.83, 14.32, 16.04, 15.27,
       20.07, 18.18, 19.05, 21.68, 16.31, 16.91, 15.71, 15.12, 14.87,
       15.33, 17.23, 17.31, 18.49, 18.34, 19.01, 20.49, 16.53, 16.4 ,
       13.61, 16.31, 18.39, 16.01, 18.07, 18.85, 17.8 , 17.4 , 18.52,
       16.93, 14.54, 14.94, 14.35, 17.15, 17.93, 19.03, 20.4 , 20.82,
       16.67, 18.95, 16.86, 19.09, 19.45, 18.34, 20.76, 20.74, 23.24,
       20.98, 17.47, 19.09, 19.65, 17.86, 19.32, 23.21, 22.73, 22.21,
       25.49, 22.63, 22.  , 18.37, 17.98, 15.09, 16.13, 16.82, 15.97,
       14.97, 16.48, 17.97, 18.52, 20.75, 18.37, 17.64, 24.53, 24.19,
       30.88]), 'B': array([22.08, 26.69, 32.  , 27.71, 18.3 , 18.87, 20.15, 22.95, 20.52,
       17.57, 18.22, 16.59, 19.49, 20.72, 17.58, 16.2 , 20.91, 26.32,
       27.3 , 27.69, 22.52, 15.09, 19.82, 16.12, 16.07, 14.75, 15.7 ,
       19.26, 19.46, 18.28, 19.8 , 18.42, 18.52, 18.86, 15.38, 17.67,
       15.56, 17.29, 23.4 , 20.88, 23.33, 26.52, 23.97, 17.61, 15.42,
       18.95, 19.38, 19.25, 16.34, 21.91, 22.26, 19.46, 19.6 , 20.2 ,
       16.26, 14.16, 16.09, 15.24, 16.19, 17.79, 15.42, 20.63, 25.32,
       22.06, 22.23, 20.32, 19.08, 20.16, 20.17, 17.76, 16.5 , 19.35,
       20.  , 17.32, 18.44, 22.88, 20.31, 18.67, 23.09, 26.23, 24.58,
       24.49, 22.26, 20.65, 19.27, 18.29, 17.47, 14.61, 16.51, 16.94,
       16.49, 18.44, 15.73, 20.53, 20.95, 18.  , 22.3 , 23.43, 25.81,
       32.19, 42.85])}",NA
13,DLG4,P78352,1,6QJJ,2019-01-24,X-RAY DIFFRACTION,1.7,0.223,YES,0.2499,NA,NA,NA,NA,Other ligands,"['SULFATE ION, chain A']",A,"{'A': '[(309, 397)]'}",NA,"{'A': array([71.35, 50.54, 34.98, 40.03, 28.69, 34.97, 31.86, 36.76, 43.71,
       48.2 , 76.99, 85.17, 87.06, 51.93, 35.84, 37.08, 34.67, 35.98,
       36.07, 39.94, 44.52, 54.56, 58.04, 55.64, 51.12, 49.96, 43.23,
       40.05, 38.25, 35.67, 38.45, 40.22, 34.7 , 42.35, 59.01, 78.65,
       41.38, 38.19, 30.95, 33.95, 35.64, 37.78, 34.97, 38.54, 30.41,
       40.95, 42.64, 36.68, 33.73, 33.36, 33.86, 33.64, 33.95, 35.95,
       42.39, 46.99, 60.9 , 51.66, 43.97, 49.58, 55.59, 47.24, 49.95,
       48.26, 55.62, 49.29, 43.78, 44.13, 65.97, 45.28, 47.24, 68.88,
       60.84, 45.17, 65.66, 77.58, 52.26, 38.11, 34.82, 33.16, 32.37,
       29.23, 35.58, 41.5 , 51.3 , 80.26, 74.95, 62.46, 44.6 ])}",NA
14,DLG4,P78352,1,6QJN,2019-01-24,X-RAY DIFFRACTION,1.8,0.2269,YES,0.2484,NA,NA,NA,NA,NA,NA,A;B,"{'A': '[(307, 403)]', 'B': '[(335, 403)]'}","{'A': ['D332G'], 'B': 'NA'}","{'A': array([45.57, 35.88, 28.68, 35.65, 19.77, 20.13, 15.7 , 13.7 , 15.22,
       16.31, 21.44, 25.68, 44.16, 56.62, 77.15, 35.54, 25.2 , 29.13,
       33.44, 27.87, 18.92, 24.14, 30.79, 30.42, 41.35, 35.32, 32.24,
       26.45, 21.6 , 16.97, 18.92, 14.65, 20.24, 20.47, 19.51, 27.27,
       33.1 , 30.33, 25.14, 28.53, 18.1 , 29.81, 29.77, 32.11, 31.96,
       21.09, 17.83, 17.24, 20.44, 25.56, 20.89, 18.68, 14.48, 18.87,
       14.51, 13.29, 17.67, 28.97, 15.07, 17.74, 15.01, 20.28, 19.69,
       25.12, 20.69, 26.98, 23.41, 19.92, 18.07, 21.44, 23.55, 22.46,
       22.61, 32.79, 49.4 , 33.88, 41.48, 25.79, 18.82, 20.97, 15.21,
       15.11, 14.01, 19.23, 19.66, 26.59, 25.91, 23.97, 32.22, 29.19,
       19.33, 23.85, 30.73, 21.83, 24.63, 25.04, 51.29]), 'B': array([61.45, 40.61, 28.75, 23.32, 26.56, 18.89, 20.71, 16.02, 19.92,
       24.69, 20.7 , 24.29, 24.39, 21.41, 22.64, 37.73, 45.49, 64.37,
       42.61, 41.44, 35.87, 42.06, 41.93, 42.84, 50.37, 59.58, 51.71,
       47.86, 60.26, 68.82, 69.98, 88.74, 73.67, 77.63, 83.14, 72.32,
       69.65, 75.42, 74.4 , 72.16, 55.28, 50.5 , 72.75, 55.71, 43.38,
       62.45, 61.05, 49.62, 47.8 , 50.51, 33.21, 34.96, 39.73, 40.42,
       48.08, 55.31, 57.49, 48.04, 60.4 , 52.19, 59.03, 61.1 , 48.86,
       49.34, 56.22, 47.63, 44.05, 50.25, 80.65])}",NA
15,DLG4,P78352,1,6QJG,2019-01-24,X-RAY DIFFRACTION,2.003,0.2458,YES,0.2274,NA,NA,NA,NA,NA,NA,A;B;C;D,"{'A': '[(306, 402)]', 'B': '[(307, 402)]', 'C': '[(306, 403)]', 'D': '[(307, 403)]'}","{'A': ['D332P'], 'B': ['D332P'], 'C': ['D332P'], 'D': ['D332P']}","{'A': array([73.35, 67.22, 51.92, 48.55, 37.35, 32.32, 27.23, 38.03, 30.11,
       27.25, 36.29, 34.26, 38.58, 37.15, 49.67, 53.04, 36.23, 35.07,
       27.26, 23.82, 24.97, 20.67, 24.96, 23.62, 27.16, 29.05, 26.28,
       28.29, 27.84, 23.6 , 23.84, 24.05, 23.61, 25.02, 23.17, 23.62,
       25.34, 31.95, 28.02, 28.12, 39.47, 32.13, 33.44, 61.87, 67.47,
       62.62, 39.46, 35.14, 32.02, 34.28, 31.29, 24.67, 21.26, 26.86,
       24.07, 32.66, 32.47, 42.02, 47.67, 38.  , 33.2 , 28.65, 36.35,
       45.08, 31.11, 24.23, 27.8 , 39.72, 31.49, 27.59, 26.39, 36.75,
       35.56, 28.39, 39.14, 43.22, 35.95, 40.68, 42.77, 34.75, 34.82,
       31.13, 28.18, 28.12, 25.38, 29.79, 33.84, 37.53, 34.95, 45.71,
       36.11, 27.13, 30.5 , 31.33, 26.97, 34.85, 38.21]), 'B': array([ 75.15,  70.44,  71.9 ,  44.61,  56.  ,  41.05,  32.3 ,  37.59,
        39.11,  43.34,  38.09,  32.09,  30.83,  28.87,  40.02,  32.96,
        28.03,  24.55,  23.6 ,  34.26,  24.71,  32.34,  26.53,  37.95,
        33.46,  36.92,  27.23,  35.87,  34.5 ,  25.18,  24.35,  23.9 ,
        28.17,  33.03,  27.11,  25.46,  30.69,  26.46,  23.44,  26.12,
        22.27,  30.26,  32.05,  38.93,  34.41,  36.85,  35.64,  33.18,
        38.42,  32.4 ,  26.41,  28.88,  28.69,  32.24,  29.16,  32.45,
        33.21,  39.02,  38.09,  33.29,  22.84,  26.4 ,  31.88,  23.63,
        30.05,  39.1 ,  30.96,  29.74,  24.36,  24.86,  26.88,  26.57,
        25.8 ,  29.37,  33.19,  30.34,  35.29,  41.49,  38.71,  35.43,
        36.92,  34.04,  29.91,  30.94,  35.97,  32.03,  37.88,  34.72,
       109.24,  43.41,  31.17,  37.7 ,  36.64,  34.19,  40.24,  42.55]), 'C': array([77.86, 49.71, 50.94, 42.16, 45.36, 39.28, 34.24, 34.25, 35.6 ,
       34.73, 30.43, 35.66, 38.77, 47.35, 64.01, 68.28, 27.53, 37.97,
       34.55, 25.47, 23.32, 26.02, 31.56, 40.07, 54.32, 66.61, 55.15,
       44.7 , 48.09, 39.97, 34.93, 26.77, 26.93, 23.38, 22.72, 22.38,
       26.25, 32.07, 33.21, 33.18, 33.23, 28.82, 33.82, 46.02, 47.79,
       43.53, 45.35, 32.22, 34.73, 31.28, 26.32, 27.32, 30.16, 31.97,
       41.68, 38.28, 34.68, 39.16, 54.68, 47.35, 44.24, 36.99, 39.58,
       48.48, 40.45, 34.61, 50.29, 51.11, 40.22, 34.5 , 33.79, 36.35,
       32.59, 34.73, 35.51, 42.8 , 45.95, 40.01, 46.89, 44.62, 39.07,
       37.29, 33.44, 36.43, 30.75, 34.98, 30.97, 26.99, 26.85, 25.55,
       29.63, 24.02, 26.48, 31.69, 37.06, 38.5 , 90.69, 82.84]), 'D': array([59.85, 56.38, 49.43, 44.76, 34.86, 40.64, 31.67, 41.96, 49.97,
       50.72, 53.72, 63.23, 82.21, 67.05, 70.36, 49.3 , 41.13, 33.01,
       33.17, 32.24, 30.21, 34.49, 34.11, 37.11, 37.99, 39.05, 39.66,
       30.25, 30.5 , 23.33, 27.66, 25.77, 29.3 , 30.81, 34.67, 33.3 ,
       39.05, 49.63, 34.07, 42.08, 34.01, 44.98, 54.62, 53.16, 42.1 ,
       50.23, 38.37, 45.01, 39.44, 33.91, 28.86, 27.43, 30.73, 28.69,
       28.16, 31.97, 40.01, 38.1 , 38.66, 31.35, 30.57, 31.76, 44.92,
       29.68, 30.26, 38.16, 36.48, 37.76, 31.88, 30.7 , 35.59, 31.21,
       34.16, 36.72, 39.55, 43.83, 41.67, 49.89, 49.35, 42.25, 41.12,
       36.42, 29.19, 28.6 , 36.58, 35.16, 40.34, 40.1 , 59.2 , 43.18,
       31.93, 45.91, 48.67, 33.53, 41.63, 40.17, 65.89])}",NA
16,DLG4,P78352,1,6SPV,2019-09-02,X-RAY DIFFRACTION,2.04,0.2597,YES,0.2584,NA,NA,NA,NA,Other ligands,"['GLUTATHIONE, chain A']",A,"{'A': '[(58, 246)]'}",NA,"{'A': array([ 55.609,  46.435,  50.872,  46.303,  56.206,  46.438,  40.488,
        39.898,  39.099,  41.758,  44.429,  53.003,  56.8  ,  70.034,
        87.805,  84.999,  66.506,  52.598,  55.164,  51.22 ,  59.198,
        58.495,  68.494,  72.438,  75.59 ,  87.24 ,  98.086,  98.388,
        92.312,  93.876,  96.569, 103.783,  99.468,  80.001,  73.449,
        59.913,  54.77 ,  54.858,  51.036,  59.531,  61.701,  55.932,
        62.689,  67.008,  67.407,  58.717,  50.432,  45.009,  51.23 ,
        54.934,  48.494,  49.144,  42.291,  43.801,  50.065,  52.085,
        52.465,  47.378,  48.248,  45.012,  47.839,  46.202,  44.087,
        46.615,  53.386,  54.609,  54.262,  53.56 ,  60.19 ,  73.038,
        71.183,  75.559,  72.336,  76.889,  68.657,  59.863,  63.717,
        67.835,  58.073,  53.42 ,  63.124,  63.687,  54.289,  56.1  ,
        55.882,  50.632,  43.589,  41.728,  39.119,  41.056,  40.281,
        45.014,  51.062,  41.462,  45.44 ,  57.556,  69.67 ,  77.391,
        76.714,  94.91 ,  73.982,  75.279,  67.497,  62.043,  57.381,
        59.392,  64.653,  65.661,  81.93 ,  94.953,  91.249,  81.015,
        74.429,  81.988,  75.976,  74.877,  65.311,  67.433,  61.209,
        60.446,  62.526,  71.628,  70.338,  63.314,  66.884,  65.004,
        62.458,  55.724,  53.358,  51.389,  48.749,  51.323,  55.892,
        60.012,  71.556,  81.792,  84.199,  97.373, 108.809, 103.805,
        86.985,  76.716,  72.125,  87.749,  92.557,  80.523,  83.556,
        72.854,  65.922,  74.907,  78.232,  70.102,  62.059,  54.716,
        50.739,  49.041,  49.494,  53.737,  57.356,  66.711,  63.059,
        55.461,  52.43 ,  56.532,  61.776,  64.835,  73.803,  72.779,
        84.264,  76.902,  65.062,  70.272,  74.745,  65.876,  64.08 ,
        73.65 ,  71.726,  63.929,  65.37 ,  63.9  ,  56.724,  51.575,
        49.38 ,  50.725,  52.288,  55.636,  61.811,  83.448,  66.775])}",NA
17,DLG4,P78352,1,6SPZ,2019-09-03,X-RAY DIFFRACTION,2.08,0.2399,YES,0.2341,protein complex,"['DLG4_HUMAN, P78352, chain_A;KCNJ2_HUMAN, P63252, chain_P']",NA,NA,Other ligands,"['GLUTATHIONE, chain A']",A,"{'A': '[(58, 246)]'}",NA,"{'A': array([83.09 , 68.783, 56.08 , 54.4  , 41.778, 36.696, 33.349, 30.215,
       29.461, 33.058, 36.359, 41.586, 41.702, 49.037, 57.499, 53.801,
       42.751, 35.704, 37.667, 36.235, 37.972, 36.888, 38.227, 39.176,
       39.006, 43.573, 53.983, 61.487, 71.379, 90.562, 92.891, 84.41 ,
       73.707, 55.489, 45.78 , 37.636, 33.29 , 32.591, 33.815, 40.094,
       42.405, 41.048, 44.657, 49.254, 49.415, 42.78 , 38.821, 33.971,
       37.456, 42.531, 38.509, 39.549, 33.757, 34.808, 39.694, 37.517,
       37.171, 36.239, 34.998, 29.781, 29.546, 28.696, 28.569, 30.98 ,
       32.889, 31.377, 32.107, 31.052, 36.087, 43.682, 38.699, 39.002,
       38.54 , 40.492, 38.736, 34.238, 37.432, 41.306, 36.855, 34.27 ,
       41.913, 43.185, 35.664, 38.911, 42.798, 40.471, 30.924, 30.69 ,
       30.282, 29.295, 28.628, 35.019, 37.956, 50.389, 50.138, 57.725,
       65.984, 63.114, 63.776, 59.153, 61.953, 61.165, 56.706, 44.063,
       39.37 , 36.124, 37.902, 39.704, 41.582, 47.096, 46.767, 37.954,
       35.061, 36.953, 37.523, 41.356, 41.101, 45.341, 46.84 , 47.943,
       54.848, 60.349, 53.937, 49.512, 50.228, 53.201, 54.995, 52.614,
       48.135, 44.159, 40.362, 37.714, 40.162, 37.548, 44.967, 46.954,
       42.777, 43.33 , 45.812, 41.736, 38.061, 36.158, 36.609, 42.874,
       45.728, 40.606, 42.889, 42.58 , 42.889, 47.854, 48.108, 46.951,
       41.153, 41.445, 38.543, 39.275, 38.735, 39.611, 44.113, 54.83 ,
       51.752, 48.702, 46.102, 52.444, 55.228, 50.307, 54.364, 49.785,
       57.246, 54.292, 44.422, 43.419, 47.503, 46.766, 43.436, 45.859,
       46.508, 40.02 , 38.917, 36.795, 34.8  , 35.421, 38.216, 37.455,
       39.96 , 40.936, 48.691, 52.033, 67.297])}",NA
18,DLG4,P78352,1,5JXB,2016-05-13,X-RAY DIFFRACTION,2.9,0.2874,YES,0.3273,fusion product,"['J3QQ18_MOUSE, J3QQ18, chain_A;DLG4_HUMAN, P78352, chain_A']",NA,NA,NA,NA,A;C,"{'A': '[(309, 413)]', 'C': '[(309, 413)]'}",NA,"{'A': array([ 68.41,  64.11,  65.98,  53.48,  77.65,  78.72,  97.98, 106.18,
       126.53, 103.74, 115.95, 105.45, 118.77,  90.45,  88.43, 120.26,
        82.82,  80.44,  77.99,  78.06,  74.9 , 105.59, 102.56,  96.2 ,
       117.34,  54.84,  54.97,  57.82,  58.24,  63.92,  66.59,  72.  ,
       117.09, 101.74, 136.49, 118.92, 112.52, 108.68,  84.05,  97.15,
        98.68,  82.43, 101.53,  99.3 ,  73.09,  65.93,  64.57,  59.31,
        57.81,  46.63,  61.59,  51.48,  56.34,  73.66,  67.36,  64.95,
        82.62,  61.16,  82.2 ,  52.82,  76.73,  83.17,  91.47,  91.71,
        88.31, 101.57,  59.26,  75.65,  84.07,  82.  ,  65.74,  82.02,
        89.62,  76.97,  92.77, 110.05, 126.29,  88.59,  85.03,  69.61,
        63.58,  51.1 ,  58.26,  54.96,  60.67,  60.27,  61.2 ,  45.2 ,
        43.73,  55.54,  45.69,  44.8 ,  44.46,  57.74,  47.83,  57.58,
        58.85,  58.41,  66.83,  59.15,  54.2 ,  58.23,  73.82,  83.74,
        78.15]), 'C': array([ 75.61,  68.28,  68.15,  68.55,  68.67,  70.85,  86.  ,  99.22,
        91.63,  98.34, 115.89, 116.33, 100.49,  90.44, 104.54,  79.04,
        68.67,  72.11,  64.  ,  62.92,  63.09,  81.  ,  80.93, 116.98,
       104.55, 103.35,  63.28,  62.  ,  60.1 ,  70.96,  68.94,  91.92,
        88.12,  75.49,  89.61,  85.34, 126.73,  70.73,  79.02,  89.85,
        99.3 ,  88.72, 103.38,  78.75,  86.86,  75.87,  77.67,  57.76,
        56.53,  58.56,  55.85,  55.38,  56.89,  59.  ,  62.04,  72.67,
        78.96,  61.53,  69.76,  55.57,  57.15,  69.94,  74.34,  76.34,
        76.31,  76.55,  84.56,  87.88, 105.3 ,  74.09,  88.95, 113.89,
        93.71, 102.99, 111.15,  87.32,  82.93,  77.8 ,  71.97,  59.07,
        54.19,  52.8 ,  49.64,  62.21,  49.04,  50.77,  49.92,  59.52,
        52.43,  75.12,  61.24,  54.21,  56.54,  56.19,  56.69,  72.58,
        60.75,  60.06,  76.06,  84.75,  77.76,  73.74,  70.26,  75.01,
        73.42])}",NA
19,DLG4,P78352,1,3ZRT,2011-06-19,X-RAY DIFFRACTION,3.398,0.2638,YES,0.2453,NA,NA,NA,NA,NA,NA,A;B;C;D,"{'A': '[(61, 247)]', 'B': '[(61, 248)]', 'C': '[(61, 246)]', 'D': '[(145, 246)]'}",NA,"{'A': array([ 37.65,  27.36,  23.31,  20.37,  34.35,  22.91,  40.01,  31.66,
        48.79,  32.84,  72.19, 138.49,  91.8 ,  66.75,  36.85,  61.49,
        30.14,  25.27,  35.83,  23.88,  26.57,  38.22,  16.54,  18.51,
        36.28,  17.69,  31.4 ,  40.11,  18.69,  76.33,  25.65,  43.04,
        36.  ,  39.51,  15.5 ,  21.48,  31.28,  58.68,  30.84,  48.48,
        57.97,  57.78,  51.3 ,  37.48,  55.48,  37.58,  47.77,  36.61,
        56.69,  58.59,  24.05,  47.97,  15.1 ,  45.27,  55.6 ,  21.43,
        19.68,  16.  ,  23.6 ,  22.79,  24.03,  28.26,  16.51,  36.65,
        19.51,  38.19,  35.87,  37.62,  22.83,  18.77,  36.67,  22.7 ,
        28.5 ,  23.58,  38.44,  20.58,  21.14,  20.73,  97.42,  32.27,
        65.34,  68.84,  36.87,  27.19,  37.55,  33.28,  27.57,  22.  ,
        43.91,  29.11,  29.83,  44.37,  16.45,  15.18,  19.  ,  47.1 ,
        50.76,  18.84,  22.3 ,  16.93,   9.09,   7.85,  19.75,  14.87,
        17.19,  23.4 ,  30.46,  59.48,  43.46,  26.87,  48.89,  13.25,
        19.41,  11.77,  19.52,  20.66,  33.79,  43.96,  15.28,  51.72,
        39.25,  32.95,  30.42,  27.04,  40.8 ,  49.99,  31.37,  30.09,
        33.53,  10.06,  13.65,  12.22,  29.72,  17.29,  28.64,  34.03,
        13.03,  36.92,  28.1 ,  24.38,  19.49,  16.93,  38.21,  45.93,
        43.95,  17.02,  17.88,   9.71,  24.66,  22.82,  13.9 ,  10.35,
         8.72,  13.24,   7.95,  22.71,  50.8 ,  24.79,  17.16,  18.22,
        30.53,  38.33,  29.86,  55.52,  27.67,  27.01,  47.42,  29.14,
        22.58,  12.94,  12.9 ,  20.  ,  76.64,  30.33,  23.5 ,  41.34,
        24.67,  31.  ,  18.65,  19.94,   9.67,  25.4 ,   8.56,  19.32,
        18.4 ,  35.06,  34.72]), 'B': array([ 44.75,  24.72,  23.74,  25.21,  46.91,  30.66,  35.86,  37.19,
        41.04,  46.98,  52.71,  81.46,  62.57,  56.47,  50.75,  59.34,
        25.53,  32.73,  16.6 ,  22.99,  28.99,  34.09,  13.15,  12.95,
        23.4 ,  14.44,  16.44,  28.62,  14.37,  23.53,  45.85,  24.3 ,
        16.73,  26.15,  20.54,  23.01,  42.06,  75.36,  23.94,  42.29,
        47.47,  67.8 ,  60.7 ,  57.26,  64.23,  55.76,  59.24,  45.33,
        50.38,  68.56,  21.07,  34.53,  37.82,  56.03,  55.62,  32.06,
        18.62,  26.4 ,  22.59,  36.36,  28.79,  21.87,  29.92,  26.79,
        28.49,  24.67,  35.57,  36.3 ,  14.26,  16.12,  38.79,  14.85,
        19.93,  31.28,  38.51,  15.8 ,  32.78,  69.79,  97.21,  59.14,
        67.98,  55.25,  58.17,  29.13,  46.93,  30.8 ,  36.38,  33.86,
        37.69,  34.07,  67.41,  62.58,  49.63,  20.75,  12.13,  82.71,
        37.25,  28.31,  31.44,  34.86,  15.07,  21.5 ,  34.52,  23.91,
        59.83,  54.15,  64.19,  69.93,  83.13,  42.26,  70.68,  39.86,
        38.21,  41.71,  37.91,  33.73,  75.71,  61.81,  40.58, 152.3 ,
        58.87,  55.96,  31.83,  48.06,  44.72,  48.35,  45.06,  35.31,
        32.41,  32.4 ,  12.49,  15.86,  48.6 ,  44.55,  43.7 ,  62.24,
        22.47,  79.61,  67.1 ,  60.97,  30.43,  36.9 ,  59.48,  70.09,
        45.66,  45.39,  48.44,  28.04,  40.49,  34.23,  35.26,  20.25,
        22.33,  14.24,  30.88,  41.42,  56.06,  34.73,  35.03,  42.98,
        52.76,  45.55,  44.96,  40.72,  29.99,  46.59,  44.5 ,  39.56,
        36.98,  44.69,  42.09,  21.44,  60.88, 102.41,  59.59,  62.37,
        54.98,  25.38,  20.43,  30.16,  26.82,  38.65,  36.22,  35.19,
        39.18,  34.53,  90.7 ,  81.1 ]), 'C': array([ 11.72,  27.15,  26.29,  29.27,  37.2 ,  24.88,  31.46,  57.69,
        42.28,  44.15,  89.3 ,  85.65, 189.33, 135.36,  53.48,  49.44,
        50.74,  49.08,  55.75,  34.74,  78.26,  53.36,  50.28,  61.28,
        65.9 ,  75.69, 108.72,  97.37,  51.08,  84.18,  93.57,  65.05,
        54.65,  48.38,  68.82,  32.65,  51.68,  80.5 ,  58.8 ,  83.45,
        69.43,  71.44,  93.56,  43.37,  71.25,  75.4 ,  62.2 ,  45.3 ,
        37.18,  71.23,  55.8 ,  61.7 ,  36.95,  70.59,  81.36,  33.73,
        28.69,  13.91,  30.79,  17.6 ,  50.01,  33.88,  30.5 ,  39.32,
        42.16,  36.68, 101.03,  46.43,  57.84,  43.74,  80.4 ,  47.54,
        41.38,  54.56,  53.44,  49.26,  36.34,  87.65, 119.97,  66.73,
        64.32,  80.15,  23.86,  18.35,  40.01,  26.73,  25.42,  23.93,
        50.19,  48.04,  43.66, 144.23,  73.31, 121.98,  89.24,  97.01,
        56.46,  49.87,  38.15,  40.45,  23.25,  38.68,  28.5 ,  31.61,
        79.78,  61.59,  93.63,  65.39,  51.54,  53.61,  53.8 ,  42.34,
        25.4 ,  32.84,  31.98,  20.18,  27.72,  34.13,  21.14,  49.94,
        34.35,  42.57,  29.3 ,  24.15,  61.63,  53.39,  46.3 ,  12.66,
        46.24,  34.15,  27.18,  17.89,  23.41,  35.53,  51.7 ,  60.66,
        51.11,  64.99,  57.46,  64.12,  32.46,  42.59,  58.43,  48.55,
        54.82,  86.98,  52.57,  34.02,  39.28,  33.37,  20.2 ,  32.95,
        12.86,  35.57,  20.63,  15.97,  27.02,  23.92,  25.03,  19.19,
        31.42,  37.01,  24.06,  27.22,  15.7 ,  29.06,  40.72,  18.56,
        20.08,  23.45,   8.24,  13.4 ,  55.85,  57.28,  34.28,  23.03,
        51.44,  38.66,  20.  ,  22.24,  16.85,  32.93,  20.35,  48.83,
        50.66, 123.5 ]), 'D': array([113.36, 105.32,  98.38, 108.97, 189.86, 147.52, 215.93, 189.32,
       163.04, 208.23, 128.04, 161.15,  74.71,  66.8 ,  63.47,  79.75,
        63.35,  56.35,  38.92,  54.63,  86.89,  84.72,  98.42, 149.28,
        58.12,  63.1 ,  70.64,  52.07,  27.66,  34.38,  30.09,  34.78,
        30.77,  46.63,  32.44,  39.96,  47.98,  53.23,  58.45,  53.3 ,
        33.98,  63.65,  57.11,  35.56,  41.56,  32.97,  39.24,  48.06,
        53.89,  62.05,  78.38,  58.22,  68.25,  90.85,  61.01,  75.9 ,
        46.36,  56.68,  62.75,  76.98,  81.  ,  48.08,  35.01,  44.16,
        70.26,  58.79,  36.45,  40.34,  35.72,  28.03,  21.  ,  28.53,
        32.22,  28.95,  63.7 ,  39.79,  49.69,  39.02,  20.4 ,  53.35,
        26.72,  26.61,  46.06,  22.7 ,  20.66,  27.64,  29.83,  23.93,
        44.8 ,  40.91,  44.06,  53.29,  58.73,  45.21,  33.95,  50.33,
        39.46,  55.62,  45.23,  56.61,  62.9 ,  65.37])}",NA
20,DLG4,P78352,1,5J7J,2016-04-06,SOLUTION NMR,,NA,NO,NA,protein complex,"['CALM1_XENLA, P0DP33, chain_A;DLG4_HUMAN, P78352, chain_B']",NA,NA,Other ligands,"['CALCIUM ION, chain A']",B,"{'B': '[(1, 18)]'}",NA,"{'B': array([10., 10., 10., 10., 10., 10., 10., 10., 10., 10., 10., 10., 10.,
       10., 10., 10., 10., 10.])}",NA
21,DLG4,P78352,1,2MES,2013-09-26,SOLUTION NMR,,NA,NO,NA,NA,NA,NA,NA,Other ligands,"['CALCIUM ION, chain A']",B,"{'B': '[(1, 19)]'}",NA,"{'B': array([0.87, 0.78, 0.57, 0.61, 0.57, 0.61, 0.51, 0.52, 0.7 , 0.8 , 0.79,
       0.81, 1.2 , 1.29, 1.23, 1.76, 2.48, 2.76, 3.64])}",NA
22,DLG4,P78352,1,1KEF,2001-11-15,SOLUTION NMR,,NA,NO,NA,NA,NA,NA,NA,NA,NA,A,"{'A': '[(62, 154)]'}",NA,"{'A': array([ 5.33,  4.26,  4.2 ,  3.77,  3.72,  4.12,  3.98,  5.07,  5.44,
        6.55,  6.87,  5.55,  4.6 ,  3.17,  1.34,  0.89,  1.68,  2.08,
        3.43,  3.99,  4.55,  5.12,  5.99,  5.95,  6.04,  5.36,  5.7 ,
        6.9 ,  6.82,  5.68,  4.81,  3.41,  2.65,  2.7 ,  2.05,  2.9 ,
        2.96,  2.88,  2.56,  2.67,  2.71,  2.88,  3.19,  2.51,  3.81,
        4.77,  4.39,  4.49,  4.86,  3.88,  4.15,  3.62,  3.75,  2.92,
        2.28,  0.91,  0.8 ,  1.48,  2.36,  3.82,  4.1 ,  3.42,  2.83,
        2.16,  2.65,  4.32,  4.27,  4.41,  3.63,  4.6 ,  4.25,  2.77,
        3.08,  4.34,  3.75,  2.95,  4.28,  5.45,  4.98,  5.67,  5.63,
        4.91,  3.88,  3.37,  2.01,  2.07,  2.31,  3.12,  4.61,  5.39,
        7.34,  8.79, 10.66])}",NA
