Hugo_name,Uniprot,Uniprot-isoform,Mutations,ClusterID
AKT1,P31749,1,E17K,1
CDH1,Q9UM11,1,Q23*,1
CTCF,P49711,1,H284Y;R283C;H288D;H284N;H284P,1
ERBB2,P04626,1,L755S;L755M;L755W,1
ERBB2,P04626,1,D769Y;D769H;I767M,3
HIST1H2AE,P04908,1,K128M,1
HIST1H3B,P68431,1,D82N;K80N;E74Q;F79L;E74K;R73P,1
KRAS,P01116,1,G12D;G12V;G12C,1
LCE1C,Q5T751,1,K23M;P18A;P14P;P12P;P18P,1
MAP3K1,Q13233,1,V1432A;C1437S;C1437F;W1433S;S1434R;E1441K,1
NBPF12,Q5TAG4,1,E125Q,1
PIK3CA,P42336,1,M1043I;N1044Y;A1046A;H1047Y;H1047R;H1047L;G1049R,1
PIK3CA,P42336,1,P539R;E542K;E545K;E545A;E545G;Q546K;Q546R;Q546P,2
PIK3CA,P42336,1,N345K;R349*;D350N;D350G;V344M;N345H;N345T,3
PIK3CA,P42336,1,E726K;E726G,4
PIK3CA,P42336,1,E453K;L456L,5
PIK3CA,P42336,1,G118D,6
PIK3CA,P42336,1,C420R,7
PIK3CA,P42336,1,M1004I;G1007R,8
PIK3CA,P42336,1,P104L;G106R;R108H;K111E;K111N,9
PTEN,P60484,1,R130P;C124G;A126G;C124S;H123D;R130Q;K128N;R130*;I135K;L140*,1
SF3B1,O75533,1,K700E,1
TP53,P04637,1,R280K;R280T;R280*;G279E;P278L;P278A;P278T;P278S;E286A;E286K;E286Q;E285K;R282G;R282W;D281E;D281V;D281Y;R280S;R273L;R273H;A276P;C275Y;V274F;R273P;R273C;V272M;F270S;F270I;G266E;L265R;L265P,1
TP53,P04637,1,S183*;H179Q;H179R;H179Y;C176*;C176F;R175H;V173L;V173M,2
TP53,P04637,1,R196*;I195T;L194R;L194P;H193R;H193L;G199V;E198*;V197G;H193Y;Q192*;G187S,3
TP53,P04637,1,E221*;Y220S;Y220C;Y220H;V216M;S215I;R213*;D208G;Y205C;Y205N,4
TP53,P04637,1,I255F;T253S;L252P;G245D;E258*;R248W;N247I;R248Q;P250L;G245S,5
TP53,P04637,1,Y126N;T125T;C124*;C141Y;C141R;Q136P;Q136*;Q136E;C135W;C135F;C135Y;C135R;M133K;K132N;K132T;K132E;L130V;S127Y;S127P;Y126C;Q144*,6
TP53,P04637,1,R342P;R342*,7
TP53,P04637,1,C242G;S241C;C238Y;C238F;M237I;Y234C;I232S,8
TP53,P04637,1,V157D;V157F;T155P;T155P;R158G;V157G,9
TP53,P04637,1,L114*;F113C;L111P;L111Q;Y107D,10
TP53,P04637,1,M169I;H168P;Q167*;Y163C,11
TRAM1L1,Q8N609,1,K107K;R108I,1
